{"cameraMode":{"drawMode":0,"name":"Shaded","section":"Shading Mode"},"sceneLighting":true,"audioPlay":false,"sceneViewState":{"showFog":true,"showMaterialUpdate":false,"showSkybox":true,"showFlares":true,"showImageEffects":true,"showParticleSystems":true},"in2DMode":false,"pivot":{"x":4.869771957397461,"y":-25.565555572509767,"z":5.951476097106934},"rotation":{"x":-0.44107329845428469,"y":0.5536112785339356,"z":-0.4446828067302704,"w":-0.5488960146903992},"size":55.3294792175293,"orthographic":false}